postContent,likeCount
"L'ancien agent de la CIA Andrew Bustamante a expliqué pourquoi débattre est inutile.

C'est lié à la différence entre la perception et la perspective.

La perception, c'est votre manière d'interpréter le monde et le voir comme une réalité.

La perspective, c'est intégrer les perceptions des autres.

Une personne avec peu de perspective est auto-centrée, toujours en débat, limitée, et persuadée que sa perception est une réalité universelle. 

Une personne avec de la perspective ne va pas essayer d'imposer sa vision mais plutôt comprendre la perception de l'autre pour l'intégrer dans l'équation.

Les personnes avec de la perspective sont à l'écoute, curieux, avec peu d'identité, calmes et difficiles à offenser.

Selon Bustamante, seuls 2% de la population pense en perspective majoritairement. Les 98% restants sont dans la perception majoritaire.

Les gens dans la perception sont trouvés dans la critique perpétuelle, le drama, la dispute, l'offense facile, le jugement rapide, les labels.

Ceux dans la perspective posent des questions, s'intéressent, sont curieux, à l'écoute, observateurs, dans la réflexion plutôt que la réaction, dans la retenue de leur jugement.

La bonne nouvelle est que la perspective s'entraîne.

C'est ce qu'il appelle ""l'avantage informationnel"".",3192
"J'ai une idée. Ça s'appelle ""lemonade(.)ai"". Je prends des citrons, de l'eau et du sucre et je rajoute de l'intelligence artificielle.

Ensuite, je mets la lemonade à 12,50 euros la bouteille et j'en vends pas.

Je vais voir la BPI pour un prêt.
Je gagne le concours deeptech des Yvelines.
Je ne vends toujours pas la lemonade.

J'annonce le gain du concours sur LinkedIn, je suis félicité et je fais 430 likes.

Je rentre dans le classement Favikon section chômeur et je suis nommé dans le top 120 de Station F.

Je ne vends toujours pas de lemonade.

Je ferme ma boîte au tribunal de commerce.

Je fais un post LinkedIn avec les apprentissages de ma fermeture de boîte. Le post part viral.

Je me reconvertis coach LinkedIn pour entrepreneurs.

C'est mon business plan pour lemonade(.)ai.

Je cherche un CTO pour s'associer si quelqu'un connaît",1946
"Ça fait 5 ans que je suis avec un homme qui m’a connue avec RIEN. Aujourd’hui, je n’ai pas tout, mais ma vie est radicalement différente.

Il aurait pu me rejeter, me dire que j’avais trop changé, se sentir blessé dans son ego parce que mon ambition prend beaucoup de place.

Mais il me laisse briller, prendre toute la place dont j’ai besoin et réaliser mes ambitions les plus folles 🤩

Il est maladroit avec les mots et ne sait pas vraiment s’exprimer sur ce qu’il ressent, mais ses actes parlent pour lui :

👉 Il me laisse travailler jusque tard sans jamais me le reprocher
👉 Il m’écoute quand je lui raconte ma journée
👉 Il me rend des services n’importe quand, à n’importe quelle heure

Tout ça sans jamais se plaindre de moins me voir. 
Sans être jaloux de mon amant : mon business 😅

Je réalise la chance que j’ai de l’avoir. 

C’est ça un vrai partenaire de vie : quelqu’un qui vous laisse être vous à 100 % et qui ne vous le reproche pas.

Je vous souhaite de trouver quelqu’un d’aussi exceptionnel, vous le méritez. Mais pas lui, j’le garde ❤️",1311
"Dans une interview, Michael Jordan a révélé la qualité la plus importante qui a fait de lui un champion (et ça n'a rien à voir avec le terrain)

La coachabilité.

Les traits d'une personne ""coachable"" :
- Met son ego de côté
- Ouvert à la nouveauté
- Patient avec les résultats
- Met en place rapidement 
- Accepte d'être un débutant perpétuel
- Accepte la critique et connait ses faiblesses
- État d'esprit ""Tony Stark"" : Apprend quelque chose et en parle le lendemain comme s'il l'avait toujours su

Les traits d'une personne peu ""coachable"" :
- Posture défensive
- Débat au lieu d'écouter
- Susceptible sur le passé
- Réfractaire au changement
- Remet en cause l'autorité de l'expert
- Encaisse mal les points d'amélioration
- Ralentit le processus par des broutilles

Michael Jordan a dit :
""J'étais coachable, j'étais une éponge, j'étais avide d'apprendre et progresser""

Quand je vois quelqu'un, j'arrive très vite à voir sa jauge de coachabilité en fonction de sa posture. 

Je pense que le symptôme premier positif est de le fait de poser des questions et appliquer vite. 

Le symptôme premier négatif est la posture défensive.

De 0 à 100 en coachabilité, ma coach m'a mis 85/100 😎🎉

Quelle note de 0 à 100 vous-mettez vous sur la coachabilité ?",1027
"Je trouve Emmanuel Macron très bon.
Son analyse de l'Europe fait peur, mais elle est juste :

Pendant que les Américains arrivent à réutiliser des lanceurs orbitaux,
L'Europe s'enfonce dans toujours plus de normes et de régulations.

Cette frilosité européenne, bien loin de nous protéger, risque de nous rendre spectateurs dans un monde où nous devrions être acteurs.

L'innovation ne demande pas la permission.
Elle ne se fait pas dans le confort d'une bureaucratie étouffante.

L'Europe doit choisir :
Adopter le rythme de l'innovation.
Ou rester à quai pendant que d'autres écrivent l'histoire",1014
"C'est la première personne qui a incarné pour moi la culture de ""l'unapologetic""

La définition de ""unapologetic"" : Qui ne s'excuse pas malgré l'outrage provoqué par ses propos.

Je m'étais fait la remarque en regardant 4 films avec Maggie Smith : Les rôles qu'elle joue sont sûrement proches de sa personnalité dans la vie.

Et elle l'a confessé dans une interview où elle dit qu'elle ne supporte pas les imbéciles et que les imbéciles ne la supportent pas, et que c'est pour ça qu'elle aime bien jouer les rôles de vieille dame acariâtre.

Dans Downtown Abbey, chacune des répliques de son personnage Violet sont scandaleuses, mais personne ne lui fait de reproche car ils savent qu'elle ne s'excuse jamais.

Quand on lui demande pourquoi elle n'aime pas avoir tort, elle réplique que ""elle ne sait pas car la sensation ne lui est pas familière"".

Une réplique que j'ai adoré dans un monde actuel où il faut s'excuser de tout tout le temps si ce qu'on dit est intolérable (peu importe si c'est vrai ou non).

Dans Harry Potter, son personnage Professeur Mcgonagall dit "" Vous pouvez prononcer Voldemort, car il vous tuera quoiqu'il arrive"".

Dans ""Voyages avec ma tante"", quand son neveu lui demande pourquoi ils voyagent en 1ère et que c'est un gâchis d'argent,  elle répond que elle ne le fait pas pour le champagne et le caviar mais qu'elle s'autorise à se laisser aller par l'extravagance.

Pourtant, dans tous ses rôles, malgré le côté ""unapologetic"", il ressort des valeurs anciennes très fortes comme le courage, la droiture, la sincérité, la discipline, la noblesse, l'honneur. Des valeurs anciennes presque chevaleresques qui sont en perdition aujourd'hui.

Quand Maggie Smith a annoncé qu'elle voulait faire du théâtre, sa famille lui a mis des bâtons dans les roues en lui disant qu'elle n'était pas assez belle. Elle n'a pas écouté, a persévéré et a fini anoblie par la reine Elizabeth II.

Il y a dans tous ses rôles un côté ""fu*k you"" dans une société qui cherche de plus en plus à contrôler ce qu'on dit et ce qu'on pense.

Donnez-nous davantage de Maggie Smith et moins de frustrés enragés.",805
"Ma maman est mon héroïne, elle a repris ses études à trois reprises : à 30 ans, 40 ans et à 50 ans.
 Aujourd’hui vous pouvez m’aider à faire en sorte qu’elle trouve un poste en institut de formation IFSI et IFAS🔥

Depuis 2002, elle travaille à l’hôpital, et elle travaille BEAUCOUP.

À ce moment-là, j’ai 3 ans, et ma mère bataille entre les journées à rallonge et les nuits fatigantes…

Mais elle m’élève comme une reine, me fait faire des activités tous les ans et me transmet ses valeurs.

C’est une aide-soignante hors pair, une infirmière digne de ce nom, mais surtout une maman incroyable ❤️

Il y a quelques mois elle a obtenu son année Master 2 Sciences de l’Education (RISO), parce qu’elle souhaite pivoter et devenir formatrice. Elle adore son métier et veut le transmettre aux autres :

🚨 Aujourd’hui elle souhaite accompagner des étudiants partager ses connaissances sur son métier passionnant et difficile à la fois.

C’est une femme très organisée, qui prend soin des gens qui l’entoure et qui a à cœur de transmettre tout ce qu’elle sait.

👉 Si vous avez des opportunités pour qu’elle ait un poste de formation en IFSI ou IFAS, vous pouvez prendre contact avec elle par mail : sandgianni@gmail.com.

📍 Secteur Montpellier

Ou prendre contact avec Sandrine Giannitrapani sur LinkedIn.

Et si vous n’avez pas de piste, un petit like et un commentaire sera le bienvenue pour pousser ce poste à votre réseau. 

Comme elle aime le dire avec la citation de Merieu : « Enseigner consiste à fournir à
l'apprenant un maximum d'opportunités pour qu'il puisse progresser lui-même sur le chemin de la connaissance et renforcer sa confiance en lui »

PS : Vous retrouverez son CV dans les commentaires 👇",767
"1 journée en présentiel :
- 6:45 : Réveil brutal la tête dans le c*l
- 7:00 : Café avalé en 5 min, pas le temps pour un vrai petit-dej
- 7:15 : On s'habille vite fait avec son costume repassé la veille à 23h
- 7:30 : Métro bondé et/ou embouteillages : du bruit partout, c'est la m*rde
- 8:30 : Arrivée au bureau, openspace bruyant, stress ambiant. La matinée est rythmée par des interruptions incessantes du type ""t'as 5 min pour X ?????""
- 12:00 : Pause déjeuner de 2h dans le bruit où il est de bon ton de rire des blagues pourries de ses collègues bienveillants
- 14:00 : Après-midi rythmée par plus de réunions que de travail réel (mais on s'est bien fait voir par le boss donc c'est bon : mission accomplie)
- 16:00 : Pause café devant la machine (capsule Nespresso claquée au sol)
- 16:15 : Fruit de type banane devant la corbeille (ou pomme car tous les autres fruits ont pourri durant la journée ou ont été mangés par Christelle la CFO — Chief Fruits Officer)
- 19:00 : Trajet retour, fatigue pesante, nouvelle dose de stress, rebelote
- 20:30 : Dîner, puis quelques heures épuisées devant la télé

1 journée en télétravail :
- 7:30 : Le réveil sonne, on snooze 3 fois
- 8:00 : Réveil doux après une bonne nuit de sommeil
- 8:15 : Petit-dej tranquille, on démarre la journée sans pression
- 8:45 : On met son sweat à capuche Angular + casquette Shelby
- 9:00 : Travail concentré depuis le confort de son espace dédié
- 11:00 : Pause café (grains arabica Equateur + machine De'Longhi)
- 12:00 : Pause déjeuner au calme (+ une petite sieste)
- 13:00 : Travail en deep work, productivité à son apogée
- 15:00 : Petite balade à l'extérieur, on profite de la nature
- 17:00 : Fin de journée, temps pour soi. Sport, passion, famille
- 19:00 : Dîner tranquille, soirée devant un bon film ou un bon livre

La dure réalité :
- En présentiel, vous perdez des heures en transport et en interruptions
- En remote, chaque minute est un investissement en vous

À l'heure où toutes les boîtes de la tech rappellent tout le monde sur site en 100% présentiel (c'est très grave ce qu'il se passe), le vrai choix n'est pas entre bureau et maison, mais entre un monde de contraintes et un monde de libertés",760
"IL ÉTAIT TEMPS 🤩 Mon livre sort enfin le 19 septembre 2024.


J’en suis fière, mais il m’a pris presque 1 an à écrire, à structurer… 
J’y ai passé des nuits entières, et c’était un exercice aussi très douloureux.

J’y ai mis toutes mes méthodes, mais pas que. 
Je parle beaucoup de moi, qui je suis, ma famille. 
Je vous raconte des choses que je n’ai jamais dites en ligne.

Franchement, je ne sais pas si je recommencerai de sitôt, l’écriture était un enfer 😅

Mais j’espère que ça va vous plaire, c’est sans filtre, avec absolument tout ce que je sais.

Le lien pour précommander sera bientôt disponible, je vous tiendrai au courant ❤️

Vous pensez quoi de ma couverture ?",717
"Je fais des crises de boulimie en permanence et ces 3 dernières années j’ai pris +20kg.

Je lutte pour ne pas prendre de poids mais c’est tellement plus fort que moi 💔

Je ne vous en ai jamais parlé mais dans mon cerveau c’est un vrai bordel.

Je ne me sens plus bien dans mon corps, plus à ma place, comme si ce n’était pas le mien et qu’il ne m’appartenait pas.

Je ne me reconnais pas dans ce corps gros.

J’en ai marre qu’on me fasse des remarques quand je me ressers à manger.

Marre qu’on me dise “Ah, tu prends un dessert ?”

Je lutte contre mon addiction au sucre depuis des années, et dès que j’arrive à m’en priver je retombe aussitôt dedans, et de façons encore pire qu’avant.

J’ai (presque) tout essayé :

👉 Me laisser crever la dalle.

👉 Ne manger qu’un repas par jour.

👉 Arrêter complètement le sucre.

Aucune de ces options n’est la bonne méthode.

Je perds, puis je reprends aussitôt.

Je cohabite donc depuis plusieurs années avec un corps que je déteste. 

Je ne me met plus en maillot devant les autres pendant l’été.

Je rachète en permanence des jeans parce que je les casse.

Depuis que j’ai monté ma boîte j’ai priorisé mon travail à tout le reste : et voilà le résultat 💔

Pas de CTA. Pas de lien cliquable. Juste un post cri du cœur pour vous dire que vous n’êtes pas seul.",698
"""Il y a quelques semaines, je me retrouve dans l'avion à côté d'un type... atypique. Appelons-le Bruno. 

Bruno me regarde et me lâche :
👉 « Vous naviguez sur internet ? Vous avez accès à internet ??? »

Je réponds calmement :
« Oui, ils ont un accès à internet gratuit »

Bruno, tout content :
« Merci, je savais pas qu'ils faisaient ça, je vais me connecter tout de suite ! »

Sauf que. ça coince. Le téléphone de Bruno doit être trop vieux. 
Pas de problème pour Bruno, il appelle le steward.
« Je n'arrive pas à me connecter, merci de m'aider »

Le steward tente de résoudre la situation. Rien à faire. Et là, Bruno pète un plomb. 🤯
« C'est quand même pas normal qu'une compagnie comme la vôtre ne sache pas faire fonctionner correctement le wifi ! Je m'en souviendrai ! »

C'est ce que j'appelle le syndrome de l'enfant gâté.

20 minutes avant, Bruno ne savait même pas que le wifi existait à bord. 
Il avait payé son billet, et tout allait bien. 
Mais dès qu'il apprend qu'il peut avoir plus et que ce ""plus"" ne fonctionne finalement pas, il change de registre. 
Le wifi ne marche pas ? Le vol est tout à coup médiocre à ses yeux.

Si on ne lui avait jamais proposé de wifi, il serait sûrement descendu de l’avion satisfait.

Mais alors que Bruno a l'occasion de se plaindre, il décide d'avoir le rôle du personnage principal face à cette injustice terrible.

Ce syndrome, je le vois tout le temps.

Donnez plus, plus, plus. Bruno va évaluer l'ensemble, chercher la faille, et se plaindre. Il ne voit plus ce qu’il a reçu, il voit juste ce qui lui manque.

Attention à ces ""bonus"" que vous offrez. Parfois, ils se retournent contre vous. (Croyez-en mon expérience)

Plusieurs fois, ces dernières semaines, j'ai donné beaucoup plus que ce qui était prévu. Résultat ? Ces personnes m'ont embêté x10 en pointant un seul truc qui n'allait pas (souvent un bonus gratuit).

Mais ce que les ""Bruno"" ne réalisent pas, c’est que leur comportement les dessert à long terme. Ils passent surtout pour des grosses Karen, et ça, ça finira par jouer contre eux.

D'ailleurs, je tiens à remercier ceux qui, ces derniers jours, ont choisi de payer mon produit sans code promo. 🙏

Vous savez pourquoi vous le faites, vous êtes à l'opposé des Karen et je vous apprécie encore plus pour ça. Le karma se distribue.

Les Bruno, vous gagnerez peut-être quelques euros avec vos plaintes.
Mais vous ne serez jamais invités à ma table, et je m'en souviendrai.

Peace. ✌️",668
"L'entrepreneur multi-millionnaire Naval Ravikant s'est fait arnaquer par ses associés.  Il a créé depuis un modèle en 3 questions pour s'associer ou recruter quelqu'un :

Ce modèle s'appelle ""high energy / high intelligence / high integrity""

1) High Energy

Pour Naval, l'énergie est la capacité à être motivé intrinsèquement.

Il donne l'exemple de quelqu'un qui n'aime pas aller au bureau s'asseoir pour bosser pour un patron, il ne saura jamais donner son potentiel maximum. Mais peut être que ce même type aime peindre et sera motivé pour peindre. Dans ce cas là vous voulez vous associer avec lui pour ses qualités de peintre et pas ses qualités pour aller au travail.

Le monde est rempli de gens intelligents mais paresseux.

La question à se poser est : 
La personne va-t-elle être motivée pour ce job même dans les mauvais jours ?

2) High Intelligence 

Naval parle de l'intelligence dans le domaine.

Si vous mettez un développeur pour organiser un mariage, il ne sera probablement pas très intelligent. Et un organisateur de mariage pas forcément très intelliegent pour coder une app.

La question à se poser est : 
La personne en question a-t-elle l'intelligence du domaine pour assumer la tâche ?

3) High Integrity

C'est la plus importante selon Naval car sans elle, les deux autres sont inutiles.

Naval nous dit que l'intégrité se trouve dans les signaux subtils et surtout pas dans ce que la personne dit.

On doit chercher à savoir ce que la personne ferait par exemple lors d'un divorce, ou lors d'une faillite. Est-ce que la personne dévoilerait un visage horrible comme mentir ou être cruel ou ferait-elle ce qui est juste ?

Les signaux à chercher sont dans les gens belliqueux et vindicatifs. S'ils font des choses douteuses à leurs ennemis, ils feront des choses douteuses à vous le jour venu.

Naval nous dit aussi que les gens douteux envoient des signaux de signalement. Plus ils sont douteux, et plus ils vont essayer de se faire passer pour vertueux en mettant en avant leur gentillesse, leur morale, leur vertu, leur militantisme, ou leur combat ""pour le bien"".

À l'inverse, plus quelqu'un est intègre, et moins il acceptera qu'on dresse un portrait flatteur de lui.

La question à se poser est :
De quoi serait capable du pire cette personne si ça devait mal se passer ?

High Energy
High Intelligence
High Integrity 

__________
Si ce post t'a plu, rejoins +18 000 entrepreneurs internet sur ma newsletter ""Solobusiness"" : https://lnkd.in/ddM9QKCY",651
"Le présentiel est un héritage toxique de la révolution industrielle.
Le télétravail redonne au travail sa vraie place.

Avant, et pour la majeure partie de son histoire, les hommes, artisans, agriculteurs, etc. habitaient généralement derrière l'atelier ou directement à côté des champs.

Aujourd'hui c'est l'inverse.

Partout on nous impose le présentiel et le retour au bureau.
Alors qu'on sait très bien qu'on est meilleur et plus productif de chez soi.

Tout le monde veut du télétravail (du vrai).

Alors non, le télétravail n'est pas une mode.
C'est un retour à l'essence même de la productivité humaine.
Où le travail s'intègre dans notre quotidien et se fait là où la vie se déroule.

Au final, le télétravail c'est juste un retour à la normale, pour que le travail tourne autour de la vie.

Et non pas pour que la vie tourne autour du travail.

—
PS : Le vrai télétravail, c'est pas ""remote autorisé 2-3j/semaine"".
Le vrai télétravail, c'est ""full-remote pour tous, sauf ceux qui veulent venir au bureau quand ils le souhaitent"".
C'est cette petite différence qui change tout",596
"5 signes qui prouvent que vous vous en sortez extrêmement bien dans la vie.


👉 Vous pouvez payer vos factures sans vous soucier de quoi que ce soit : 25 % des Français n’arrivent pas à payer leurs factures sans se priver.

👉 Vous pouvez aller au restau sur un coup de tête : 7 français sur 10 réfléchissent avant d’y aller

👉 Vous pouvez voyager sans vous inquiéter : chaque année 40 % des familles ne partent pas en vacances

👉 Vous pouvez manger ce que vous voulez : des milliers de personnes n’arrivent pas à remplir leur frigo ou passe leur temps à comparer les prix, cumuler les bons de réductions…

Beaucoup rêvent de la vie de milliardaire, mais d’avoir ça, c'est une vraie bénédiction.

Peut-être qu’avant de vouloir devenir le prochain Elon Musk, prenez du recul sur ce que vous avez déjà et rendez vous compte de vos privilèges 😉

S’il faut, votre voisin vient encore de dire à ses enfants qu’ils n’iront pas à la mer cet été.

Alors que vous, vous vous plaignez parce que vous n’avez pas trouvé votre chocolat préféré au supermarché.

Il est fort probable que vous alliez beaucoup mieux que ce que vous pensez. Ça remet les idées en place, non ? 🙄

__
Crédit photo Miss Buffet Froid 📷",556
"J’emprunte 300.000€ seule à 25 ans et avec 1 seul bilan 🏠

J’ai cru que ça passerait JAMAIS. 

Mais qu’est-ce qui a joué dans la balance pour les banques ? 

1️⃣ Mes comptes toujours clean. 
Je n’ai jamais été à découvert, j’ai toujours eu de l’argent d écoute car ma maman m’a appris la gestion financière très jeune (et j’ai beaucoup fait de mimétisme sur elle).
J’étais en capacité de faire un apport de 30K€.

2️⃣ Mon bénéfice net qui s’élève à 129.800€ pour cette première année. 
Oui, c’est vrai, j’ai la chance d’avoir un bilan béton. Mais parce que je savais exactement ce que je voulais et que mon objectif était clair.

3️⃣ Ma rémunération. 
En tant que gérante au régime TNS, je n’ai pas de fiche de paie mais j’ai pu obtenir une attestation comptable du montant de la rémunération que je me verse, pour attester que je gagne confortablement ma vie. 

Alors non, ça ne s’est pas fait sur un coup de chance. 

👉 J’ai anticipé ce moment depuis 3 ans, car je savais qu’il allait arriver.

Également, merci à Rambier de m’avoir trouvé un super terrain 🙏

C’est la première fois que je fais une vidéo de ce genre sur mon compte. 

Si ça te plaît et que tu veux suivre ce genre d’aventures, dis le moi en commentaires (j’ai vraiment besoin de savoir ce qui plaît à mon audience!) ❤️ 

#house #construction #entrepreneur #marketingdigital #entrepreneurship #newhouse #maison",534
"Il y a quelques mois, j'ai pris un séminaire d'une journée à 1000 euros. À la pause, un participant me dit :

""Ils abusent de faire payer les sodas""

Dans ma tête, je me dis :
""qu'est-ce-qu'il me casse les c*uilles lui, il vient de payer 3€ son coca zéro dans un séminaire à 1000 euros""

Mais comme je débats jamais, je réponds :
""ah oui, pas normal""

Depuis que je me suis lancé en business, il y a 3 types de problèmes :

Les problèmes à 10 euros, les problèmes à 1000 euros et les problèmes à 10 000 euros.

Savoir si je paye le coca zéro ou pas, j'en ai rien à foutre parce que c'est une question parasite à 10 euros.

Ce qui m'importe dans le séminaire, c'est quelle est l'info ou les 2 infos utiles pour moi qui vont faire passer la valeur séminaire de 1000 euros à +10 000 euros de valeur dans 3-6 mois.

Problèmes à 10 euros :
- Est-ce que je fais un tupperware ou je mange dehors ?
- Est-ce que je prends le RER ou le taxi vers Orly?
- Est-ce que je tourne 30 minutes pour trouver une place ou je prends le parking payant direct ?

Problèmes à 1000 euros:
- Est-ce que je fais payer une ligne WhatsApp en plus de mon accompagnement ?
- Est-ce que je mets mon accompagnement à 1000 euros ou 1500 euros par mois ?
- Est-ce que je laisse 2 ou 3 choix possibles dans mon offre ?

Problèmes à 10 000 euros :
- Est-ce que je prends un COO freelance ?
- Est-ce que je prends un fiscaliste ?
- Est-ce que je vais créer une troisième offre ?

Le problème est qu'on a été éduqué par la société et nos parents  à ""économiser"" en étant obsédés par des questions à 10 euros. C'est jouer défensif.

Alors qu'on devrait être focus à 90% sur les questions à 1000 et 10 000 euros. Et la jouer offensif.

Je vois ça au quotidien avec 90% des gens que je rencontre.

_____
PS :J'ai toujours eu cette intuition mais elle m'a été confirmée par le livre ""I will teach you how to be rich"" de Ramit Sethi",520
"J’ai le sentiment que je suis en train de passer à côté de ma jeunesse. Mais je ne suis pas sûre que ça me dérange vraiment.

J’ai pas la vie normale d’une jeune femme de 25 ans. 
Et ça fait déjà 3 ans que ça dure 🤯

Les copines que j’avais au lycée ont un CDI, sont encore en études ou font le tour du monde en sac-à-dos.

👉 Je gère une équipe de 12 personnes, un business à 6 chiffres, un bureau, une maison en construction.

À mon âge, ça n’a rien de trop normal.

Je bosse énormément, mais c’est ça qui me rend heureuse. 
J’ai des journées hyper remplies, je crée des choses en permanence. 
Et j’ai la chance d’être hyper passionnée par ce que je fais.

Mais c’est vrai que j’ai l’impression de rater des choses. 
Parfois, je me demande : “ce serait pas mieux d’être salarié ?""

Quand on a un job “lambda”, on rentre chez soi et le taff reste au bureau. 
On reporte les problèmes au lendemain. 
Et si la boîte coule, c’est ok parce que c’est pas la nôtre.

Quand on a sa boîte, on y pense en permanence. On est marié à son business 😅

Et c’est une pression énorme. 
C’est épuisant et ça m’arrive de ne plus vouloir toutes ces responsabilités.

Est-ce que je gâche ma jeunesse ? Peut-être. 

Mais je sais que ce que je fais s’aligne complètement avec mes objectifs de vie, et la pression n’est pas une raison suffisante pour tout arrêter.

Le pire pour moi, ce serait de devoir tout abandonner. 
Alors si être heureuse et épanouie veut dire rater des trucs, c’est ok. 

Restez aligné, suivez votre instinct et vous vous en remercierez plus tard ❤️",514
"Inoxtag qui gravit l'Everest : ""un délire de riche égocentré"".
La réaction de Mike Horn a secoué YouTube :

L'ascension de l'Everest par Inoxtag a suscité beaucoup de critiques :
- ""C'est pas un exploit lol, l'Everest c'est le +7000m le plus facile""
- ""Tout le monde va vouloir y aller, ça va encore plus polluer""
- ""Son appel à la déconnexion des écrans est hypocrite""
- ""Les Sherpas sont des gens qui sont exploités""
- ""C'est juste un délire de riche égocentré""

La réaction de Mike Horn était attendue.
Hier soir, il a remis l'église au centre du village.
En félicitant/encourageant Inox pour son aventure.

Rappelez-vous :
Quelqu'un de meilleur que vous ne vous critiquera jamais.

La prochaine fois que vous voulez critiquer quelqu'un, ne le faites pas.

Soyez spécifique dans vos éloges et général dans vos critiques",509
"À 25 ans je suis en train de faire construire ma première maison 🙏

Mon prochain projet va être le plus gros de toute ma vie et je n'en reviens pas d’en être déjà là 🤯

Je ne suis pas sûre de savoir dans quoi je m’embarque.
Mais j’ai trop HÂTE. 

C’est la concrétisation de ce pourquoi je travaille autant depuis 3 ans.
Les périodes de stress, les semaines où j’ai bossé 12h par jour, les échecs. 

C’était pour pouvoir me construire la vie dont j’ai toujours rêvé.
Et je n’en reviens pas que ça arrive déjà si vite 😍

J’ai trop envie de tout vous raconter.
Est-ce que ça vous dit de suivre l’avancée du projet et des travaux ?

Si oui, dites-moi en commentaire et sous quel format vous aimeriez voir ça 👇",480
"Les entrepreneurs avec le plus de succès que j'ai fréquentés ont une obsession avec le silence. Leur bureau est insonorisé, ils ont tous des casques anti-bruits, des vitrages ultra-puissants chez eux. Ils vont dans les restaurants où il n'y a pas de musique. Ils prennent les hôtels 5 étoiles pour ne pas avoir de bruit. J'en ai même un qui m'a dit ""je ne peux pas être ami avec quelqu'un de bruyant"".

La raison est toujours la même : les décisions à plus fort impact sont prises dans le calme.

Dans un monde où le bruit est omniprésent, le silence est un luxe dans lequel les meilleurs investissent massivement.

Juste mes observations empiriques ✌️",461
"Hier, Nina Ramen 🍓 a donné une conférence sur comment monter son business à 1 million par an, voici les 5 points que j'en retiens :

(c'était au mastermind à Lisbonne)

1) Se virer de tous ses jobs pour dire oui/non sur WhatsApp 

Nina s'est virée de toutes ses missions, notamment d'écrire ses posts Linkedin. Elle a mis des personnes partout pour processer, surtout là où elle était mauvaise.

Son rôle maintenant principalement n'est que de dire oui/non sur WhatsApp et de coacher sa team (et sa team coach ses clients)

2) Elle commence chaque mois avec 25 000 euros de dette

Elle a tellement processé qu'elle commence chaque mois où elle doit lâcher 25k€, tous les mois. 

Pour arriver à 1M€ annuel, on doit lâcher de la marge et cela implique une certaine anxiété financière et tout le monde n'a pas les épaules ou l'envie 

3) Le danger vient de l'intérieur 

Nina a eu plus de problèmes avec des mauvais recrutements que de mauvais clients et des haters.

Il faut faire attention à ce que la team soit contente et éteindre les feux car un prestataire/team mécontent peut vraiment faire des dommages réputationnels.

Le CEO ne peut pas négliger sa team, il faut une équipe de A-players, bien les payer, et surtout avoir des personnes alignées en valeurs et en état d'esprit.

4) Répéter l'ennui au lieu de chercher le nouvel objet brillant 

Nina avoue que le sujet de son monoproduit n'est pas ce qui l'amuse le plus. Mais ca fait 3 ans qu'elle fignole chaque partie de son produit. Elle répète les mêmes mouvements ennuyeux au lieu d'aller toujours chercher le nouvel objet brillant.

Elle disait :
1 produit 
1 canal marketing
1 canal de vente

5) Manager c'est vraiment pénible mais ne pas manager c'est dangereux 

Le problème des entrepreneurs internet est qu'ils ne veulent pas manager des humains.

Mais tout seul ou sans management, on ne peut pas arriver à 1M€ annuel.

Son énergie maintenant est vouée à manager, manager, manager.

Elle qui était créatrice de contenu et copywrieuse est devenue manageuse d'une PME internet.

Merci Nina d'être passée à Lisbonne au Mastermind PME internet et bravo pour les 7 chiffres !",453
"Ce week-end j'ai vécu l'évènement le plus magique de ma vie, organisé par mon amie Alice Cathelineau.

Ça fait 6 mois que je vois mon amie bosser comme une dingue sur et évent.

Pour ceux qui y étaient,  vous avez à quel point c'était ouf.
Il y avait 500 personnes.

Pour la première fois, j'ai conférencé sur un sujet autre que les réseaux sociaux et le cash.

J'ai parlé de :
👉 La solitude entrepreneuriale.
👉 Vouloir tout faire seul, alors que ce n'est pas la solution.
👉 S'entourer des personnes qui vont nous tirer vers le haut.
👉 Ne pas craindre la concurrence (il n'y en a pas).

J'ai passé une soirée exceptionnelle aux côté de personnes comme Caroline Mignaux, Harmony Albertini, Caroline Kateb-Frisou, Elina, Soleine, Erly, Pierre...

Je découvre peu à peu que mon kiffe à moi : c'est la scène, et vous rencontrer ❤️

Crédit photo : Jossuha 📷 THÉOPHILE",445
"Le foot féminin ? Personne n’en a rien à foutre.
Les femmes sont des sous-m*rdes.

Sur la photo, c’est Béatrice Kaboré, capitaine de l’équipe de foot féminine de Nîmes.

Une battante, une vraie.

Et pourtant, pas un centime de sponsor 🤮 

Pourquoi ? Parce que c’est du foot… féminin.

Ouais, en 2024, on investit des millions dans des infrastructures pour les JO, on paye des stars internationales pour des shows d’ouverture… mais financer des femmes qui transpirent sur le terrain et inspirent les jeunes ? 

Bah vous comprene, c’est pas “vendeur”.

Les stars du foot masculin touchent des millions, mais quand il s’agit de soutenir des équipes féminines qui jouent avec la même passion, autant pisser dans un violon.

Alors, si cette injustice vous révolte autant que nous, bougez.

👉 Partagez, commentez, faites du bruit.

Peut-être qu’à force, on attirera l’attention d’un sponsor qui a les couilles d’investir là où ça compte vraiment.

Parce que Béa et son équipe méritent la lumière. ❤️

PS: Jouez le jeu et donnez de la lumière à cette publication 🙏",437
"Sur LinkedIn fleurit une nouvelle espèce : le ""boomer trois petits points""

La spécialité du boomer trois petits points est d'écrire des commentaires dont on ne sait pas s'ils sont positifs ou négatifs :

""un grand homme... selon certains...qui a eu des vices et des vertus...l'histoire retiendra surtout son tempérament... à méditer...""

Le boomer trois petits points est dentiste ou retraité, a une photo webcam de 2011 et son commentaire est soutenu par 4 likes d'autres confrères boomers trois petits points.

On ne sait pas d'où ils viennent ni comment ils sont arrivés là, et surtout ce qu'ils veulent mais ils semblent se comprendre entre eux.

Vous pouvez les observer dans leur environnement naturel sur mon post d'hier sur l'ancien agent de la CIA.

Suivez-moi pour plus de documentaires animaliers.",436
"Ça fait maintenant un an que je vis a Lisbonne, voici les 5 points qui m'ont marqué : 

1) C'est une ville d'entrepreneurs expats

Lisbonne est le ""Dubaï de l'Europe"". Ici on croise des Brésiliens, des Ukrainiens, des Américains, des Français...

Ville très internationale avec des gens débrouillards, des crypto-enthousiastes, des entrepreneurs. Ça vit, l'énergie est conquérante, les rencontres professionnelles et romantiques sont facilitées. On sent qu'il se passe quelque chose.

Dans mon club de sport, 50% des gens ne sont pas Portugais.


2) Une ville fragmentée 

Un magnat de la crypto m'a dit :
""Ici, la vie est divisée entre ceux qui gagnent 1000 euros par mois, et ceux qui gagnent 1000 euros par jour""

Probablement le point le plus dangereux ici à tous points de vue : les prix.

Tout s'est envolé en quelques années avec leur visa spécial expats (le NRH) qui a attiré beaucoup de millionnaires de la crypto et des entrepreneurs tech (Web summit). Les restaurants, les bars, les hôtels, les services de luxe ont été bâtis pour ces gens qui peuvent festoyer. 

Le salaire moyen ici est inférieur à 1000 euros donc les ""service workers"" doivent loger en dehors de la ville dans les nombreux villages alentour.

Lisbonne a préféré faire le choix amibiteux de l'attractivité économique, comme Medellin, Mexico, Dubai, avec les instabilités que cela crée.

Lisbonne qui était une ville abordable est devenue une ville de luxe.

3) Nature et météo 

J'ai l'impression ici qu'il n'y a que 2 saisons : été et automne

Au Nord, au Sud, à l'Est, à l'Ouest, il y la nature entre 20 et 40 minutes de voiture,
En février, on se retrouve à manger des palourdes à Caparica au soleil, on peut aussi aller surfer à Ericeira dans la journée et revenir (40min). 

Il y a le côté urbain et dynamique d'une capitale en boom tout en gardant le côté côtier. 

4) Sex & the City

J'ai rencontré plus d'entrepreneurs en 2 semaines ici que 2 ans dans ma ville précédente. 

Tout est allé très vite dans la construction d'une offre internationale premium. Ici, on mange très bien, c'est cosmopolite, c'est bon, c'est varié, pour tous les prix. Ça bouge bien, il y a des endroits premium à la new-yorkaise. On sent que les gens ""essaient"". La ville est avancée, on ressent un peu le côté ""conquête de l'ouest""

5) C'est ""safe"" 

Je ne me suis jamais menacé ou en danger ici. Le Portugal est un des 10 pays les plus sûrs du monde et ça se ressent même si les Portugais nous disent que c'était mieux avant.

Quand il y a une manifestation ici, il y a 30 personnes et ça surprend tout le monde.

Lisbonne n'est pas parfaite mais c'est une bonne destination pour les entrepreneurs qui veulent quitter la France.

Dites moi en commentaire où vous vivez.",433
"2020 → Étudiante perdue.

2021 → En alternance, fouettée en open space (coucou Thibault Louis)

2022 → Je me lance en micro entreprise.

2023 → Je passe en société car j’explose les plafonds.

2024 → Je dépasse les +600K€ encaissés, 1.2M d’abonnés et j’achète une maison.

J’ai 25 ans et j’ai encore énormément de choses à apprendre de la vie.

Mais par contre je peux vous apprendre comment ma stratégie des 3 archétypes de contenu m’ont permis de passer de 2022 à 2024.

👉 Je fais une formation en direct LIVE pour l’occasion, dimanche 4 Août à 18h : https://lnkd.in/eVkxCMsu",433
"Je connais très peu de gens de mon âge qui ont ma vie et je suis une vraie extraterrestre.

La vie classique d’une jeune femme de 25 ans :
→ Sortir en boite
→ Essayer plusieurs taffs dans plusieurs boites
→ Chercher la relation amoureuse qui lui convient
→ Mettre de côté pour partir en voyage

Moi à 25 ans :
→ Penser à payer ma TVA
→ En couple et pacsée depuis 5 ans
→ Chercher les bonnes personnes à qui déléguer une partie de mon business.
→ En train de construire une maison

Parfois, je sais plus si j’ai 25 ou 45 ans 😂 
Mais si j’avais la vie des gens de mon âge, je n’aurais certainement pas un business à 6 chiffres, une équipe et des projets d’investissements en cours.

Et il était hors de question que j’attende sous prétexte que “ce ne sont pas des choses qu’on fait à cet âge-là”.

Peu importe l’âge, je suis convaincue qu’il faut se donner les moyens de ses ambitions, et ça demande quelques sacrifices.

Mais j’ai 0 regrets et j’en suis super fière ❤️

Arrêtez d’écouter les frustrations des autres, vivez votre vie et allez-y à fond. Mieux vaut une vie qui vous ressemble plutôt qu’une vie pleine de regrets 😉",416
"En ce moment, tout le monde est au bout du rouleau. J’en fais partie.
Mes potes et moi, on est en PLS 🤯 

On n’a plus envie de bosser (oui, ça nous arrive aussi).

Je remarque une baisse de régime chez tout le monde. 
On est tous fatigués, soûlés et on relâche les efforts. 

Vous seriez d’ailleurs étonnés du nombre de personnes au bord du burn-out autour de moi.

Je ne saurai pas trop l’expliquer, je pense qu’il y a juste des périodes comme ça. 

Le genre de phase où on a un peu envie d’envoyer tout péter et de limite trouver un CDI bien pépouze.

Parce que toute cette pression et ces responsabilités, c’est hyper lourd 🫠
Mais on continue pour nos clients et parce qu’on aime nos métiers mine de rien. 

On garde bien en tête notre why, et on sait pourquoi on se lève le matin.
Mais franchement, c'est dur et je vois bien que ça l’est pour tout le monde.

Je sais très bien que ça va passer et qu’on va tous ensemble réussir à se relever. 

Je voulais juste vous dire que, si en ce moment, vous n'avez pas envie : c’est ok.

Reposez-vous, ressourcez-vous auprès des gens que vous aimez. 
Faites une PAUSE.

Vous avez le droit de détester votre business pendant un temps et de ne pas être fort.

En tout cas, vous n’êtes pas seuls ❤️ 
Venez, on s’envoie de la force en commentaire.

PS : regardez-moi cette bouille, ça apaise pas le cœur et la tête franchement ?",412
"Mon livre est enfin disponible en pré-commande !! 🤩

C'était une aventure tellement dingue : commencer à écrire un livre à 24 ans. mon tout premier bouquin qui sera dans vos librairies préférées dès le 19 septembre.

Alors, même si l'écriture de ce livre a été difficile pour moi, j'en suis quand même fière.

Je vous partage tout mon savoir, à moins de 20€, mais je vous partage aussi de nombreuses anecdotes sur la Laurine enfant, ado, adulte...

Des choses que je n'ai encore jamais partagé nul part 🫶🏻

Je n'aurais jamais pu écrire cet ouvrage sans mon agent Caroline Kateb-Frisou qui a été le pilier dans tout ce process. Merci vraiment.

Merci à Editions First de m'avoir fait confiance ❤️

👉 Pour le recevoir dès sa sortie, vous pouvez le pré-commander sur le site de la Fnac : https://lnkd.in/eVGrsrmJ

Dites moi quand vous avez passé commande 👇",411
"Je paye ma coach business 1000 dollars de l’heure.  À la fin, j'ai juste de quoi noter 2 ou 3 idées  d'amélioration sur un post-it.

Et c'est déjà largement suffisant.

Je vois beaucoup de gens se mettre une pression énorme dès qu'ils mettent un peu plus d'oseille que d'habitude.

Ils vont scruter chaque seconde de chaque minute en se demandant comment la personne en face va leur donner l'elixir de vie.

Ça ne fonctionne pas comme ça.

Il suffit que la personne identifie un truc à changer qui peut améliorer de 15% votre business et ça peut vous rapporter des dizaines de milliers d'euros en quelques mois.

À condition que vous fassiez le job derrière.

C'est trop facile de dire ""ah mais j'ai payé et je n'ai pas les résultats""

C'est comme prendre le meilleur coach sportif de la planète, ne pas faire ce qu'il dit et ensuite dire qu'il est nul.

Le retour sur investissement n’a rien à voir avec le prix. Il a tout à voir avec vous.

Je suis responsable de ma réussite, de mes décisions, de mes échecs.

La différence réside dans l’attitude.

Le loser va jeter des pierres, critiquer et blâmer les éléments extérieurs pour son échec. Mais ça c'est la solution de facilité.

La personne qui finit par y arriver a toujours une attitude de gratitude pour les petites améliorations et sait qu'il est la clé de ses propres succès ou de ses propres échecs.

J'ai 2 citations que j'adore sur ce sujet.

La première est littéraire et vient d'un évêque et la deuxième de Jack Sparrow.

Bossuet disait ""Dieu se rit des hommes qui déplorent les effets dont ils chérissent les causes""

Et Jack Sparrow d'ajouter :
""Le problème n'est pas le problème, le problème c'est ton attitude envers le problème""

_________
Si ce post t'a plu, rejoins + 18 000 entrepreneurs dans ma newsletter ""Solobusiness"" : https://lnkd.in/dfYj-P8K",407
"J'ai remarqué une maladie qui empêche les entrepreneurs de vendre beaucoup plus cher : le syndrome du ""mais pas que"".

Chaque fois que quelqu'un m'explique son business, (appelons le José), j'essaie de le résumer en 1 ou 2 phrases et leur demander si j'ai bien compris.

80% du temps, José me répond ""oui c'est ce que je fais mais pas que"".

Pour José, c'est important de préciser l'ensemble de TOUT ce qu'il est capable de faire au lieu de juste me rendre le truc simple.

Le problème, c'est que le business de José devient moins lisible alors qu'on cherchait juste un bouton ""acheter"".

José trouve ça louche qu'un sushi propose aussi du kébab mais ne voit pas le problème à être rédacteur web et proposer aussi des sites internet. Je suis à deux doigts de leur proposer de faire la vaisselle.

Si vous n'êtes pas capable de résumer en une phrase ce que vous vendez, vous ne comprenez pas votre propre business (et les autres non plus).",403
"J’ai été invitée à conferencer dans la salle Le Grand Rex à Paris en 2025 🥹

2.800 places.

C’est plus que l’Olympia, le Palais Garnier, l’Opera Bastille…

Et ce sera un événement business avec des gens qui sont VRAIMENT intéressés par ma thématique.

J’en ai fait des trucs cools dans ma vie, mais là, je sais que c’est un objectif de plus à cocher dans « ma liste de trucs à faire absolument ».

En vérité, je n’ai jamais été face à autant de personnes.

Le plus gros événement que j’ai fait, c’est 500 personnes.
Ce qui veut dire que que je devrais affronter une salle presque 6x plus grande.

Alors, pour être honnête ça ne me stresse pas.

Mais disons que c’est un tout nouvel exercice qui s’offre à moi.

Qui sait, peut-être qu’un jour je serais à Paris la défense Arena et ses 40.000 places ? 

En tout cas, j’ai tellement hâte de vous emmener dans mon aventure et de vous montrer les coulisses de ma préparation pour Le Grand Rex 🙏

D’ailleurs, je le dois à mon amie Alice qui a soufflé mon nom aux organisateurs.

La force du réseau, et d’avoir tissé des liens avec des gens qui vous tirent vraiment vers le haut 🥹",382
"Vous cherchez une mission freelance ?
Alors arrêtez de répondre aux recruteurs.

Les missions que les recruteurs vous proposent sont généralement dispatchées entre 50 recruteurs similaires (aucune exclusivité).

Vous devez arriver beaucoup plus tôt dans le process.
Le plus tôt possible, quand la fiche de poste n'existe pas encore.

20% des missions freelances sont sur le marché visible (on-market).
80% des missions freelances sont sur le marché invisible (off-market).

Vous ne trouvez pas de mission car vous mettez tous vos efforts sur le marché visible alors que vous devriez vous concentrer sur le marché invisible.

Quand une mission est sur LinkedIn ou Welcome to the Jungle (marché visible), il est déjà trop tard.

Ma stratégie pour obtenir des missions sur le marché invisible :

- Augmenter la valeur perçue de son profil LinkedIn : votre valeur perçue doit être supérieure à votre valeur réelle (même si votre valeur réelle est déjà élevée)

- Écrire des posts LinkedIn d'expertise (BOFU) dans votre spécialité pour attirer des C-levels, tech leads et autres engineering managers

- Les contacter en DM (ils vous connaîtront déjà et auront confiance)

- Se créer un réseau de freelances infiltrés au sein des boîtes qui vont vous faire entrer de manière super early, quand la fiche de poste publique n'existe pas encore

Les meilleures missions, vous devrez les obtenir par vous-même.
N'attendez pas qu'elles viennent à vous avec des recruteurs.

Apprenez à pêcher plutôt qu'on vous donne du poisson.
Et vous obtiendrez les meilleures missions",379
"Ça fait 1 an qu’elle bosse avec moi sur Social Hacking, et honnêtement, elle mérite tellement plus de gloire.

Jasmine Touitou et moi, ça fait un petit moment qu’on se connait. 
Et quand j’ai construit ma team de coach, je l’ai direct appelé.

Déjà, parce que vous trouverez rarement quelqu'un d’aussi douée en personal branding et en storytelling.

Et car c’est une EXCELLENTE coach. Je n’ai que des bons retours de mes élèves.

👉 Elle donne toujours plus que ce dont les gens ont besoin. 
👉 Elle sur-délivre en permanence. 
👉 Elle fait 10x plus que ce que j’attends d’elle

Et c’est hyper rare d’avoir ce genre de profil. D’habitude, on se contente de faire son taff et puis c’est tout. Ce qui est ok.

Mais Jasmine ne va pas juste te filer des méthodes ou répondre à tes questions.

Franchement, je sais que si elle le pouvait, elle ferait tout à votre place pour être sûr de réussir au lieu de vous coacher.

Parce que c’est ce qu’elle est : une nana qui s’approprie ton objectif pour t’aider à le réaliser.

J’ai vraiment beaucoup de chance d’avoir une meuf aussi géniale dans ma team. 

Grâce à son taff, mes clients sont satisfaits et ça a beaucoup de valeur ❤️

Si vous avez besoin d’aide en storytelling et personal branding, faites appel à elle, vous ne serez pas déçu 🔥

PS : suivez-la de près, elle vous prépare une dinguerie pour la rentrée.",378
"En ce moment, je fais venir mes amies au bureau parce que tout le monde se sent seul.

Comme s'il y avait une déprime générale chez tous les entrepreneurs.
Je les comprends, j’ai pris ce bureau, car j’en avais marre de rester chez moi, isolée.

Et que toute ma vie se passait dans mon appartement.

Chirihanne Kheder 🌸 et Alice Cathelineau ont commencé à débarquer. Elles en avaient marre de bosser dans leur coin et voulaient plus de compagnie.

Et j’avoue que ça m’arrangeait aussi, je me sentais de plus en plus seule. 
On pense trop que les entrepreneurs sont des solitaires qui n’ont besoin de personne.

C’est vrai qu’on fait notre truc dans notre coin. 
On a des jobs qui nous demandent d’être derrière nos ordis H24 J’ai eu des périodes où je ne parlais et ne voyais personne.

Honnêtement, ça change beaucoup de choses d’avoir des gens autour de nous : 
👉 on s’échange des idées 
👉 on se demande des feedbacks en direct 
👉 parfois, on se plaint et ça fait beaucoup de bien

En gros, on a des gens à qui parler au lieu de se parler à soi-même et à tous les gens dans sa tête 😅

Je pense que la majorité des entrepreneurs en sont à ce stade. 
Ils ont besoin de connecter, d’échanger, d’avoir un peu “une vie de bureau”. Perso, ça me change la vie.

Et c’est avec plaisir que je fais de la place à mes copines ❤️
Vous bossez dans votre coin ou vous commencez à sortir de chez vous ?

___

Crédit photo Miss Buffet Froid 📷",377
"Quand je fais un post sur l'argent, y'a toujours des types pour venir dire :

""Et si la vraie richesse était à l'intérieur ????""

Mais retournez à Sciences Po avec John Lennon et laissez-nous tranquilles faire les beaufs à gourmette.

Le penthouse à New York il va pas s'acheter tout seul aux dernières nouvelles",374
"J’ai 25 ans et je n’ai jamais eu de CDI 🤒 
(Ça ne m’a pas empêché de réussir ma vie)

On sacralise ce contrat comme s’il était la finalité d’une vie.

Mais en réalité, chacun trouve son bonheur OÙ IL VEUT.",370
"Vous allez avoir accès à TOUTES mes connaissances pour - de 20 €. 

Mon livre, c’est plus ou moins comme mon premier bébé : j’ai mis 8 mois à l’écrire. 

Et même si ça a été un exercice hyper douloureux, je suis super fière d’avoir réussi à le faire. 

Je vous raconte des anecdotes que je n’ai jamais racontées ailleurs. 

Mais je vous parle aussi de tout ce que j’ai mis en place pour construire mon business à 6 chiffres, uniquement grâce aux réseaux sociaux. 

Je l’ai aussi illustré moi-même (c’est la cata désolé 🤣) et je vous donne absolument tout. 

Parce que, vous aussi, vous pouvez accéder à cette réussite. 
Il vous manque seulement quelques méthodes. Et surtout de vous rendre enfin compte que vous en êtes capable. 

Il sort le 19 septembre et vous pouvez le pré-commander maintenant : https://amzn.to/3WT5X4k

Hâte de voir dans quelles bibliothèques il va se trouver 😍",368
"Je déteste partir en vacances.
Tous les ans, j’ai une appréhension énorme. 

Et je vais avoir l’air insupportable de dire ça, mais c’est la vérité 😅

Ne rien faire, chez moi, ça n’existe pas. Et quand je prends des moments off, j’ai l’impression de perdre un temps monstrueux avec mon biz.

Alors que ça n’a aucun sens, parce que je peux m’absenter une semaine, je sais très bien que rien ne va s’écrouler 😅

Mais j’évite au max les vacances. 

Et ma famille M’OBLIGE à prendre 1 semaine en été et 1 semaine en hiver (ça va y’a pire comme famille).

En vérité, si je le voulais, je pourrais limite me prendre une semaine par mois.

Mais la réalité, c’est que la majorité des entrepreneurs sont comme moi : on bosse tout le temps, et on se prend que 2 vraies semaines de vacances chaque année.

Et encore, je triche 🙈 
Je bosse même en vacances, je divise juste le rythme par 4.

Je sais que ça a pas l’air sain, mais à côté de ça, je gère mes semaines comme je veux.

Si un matin, je me lève et que j’ai la flemme, je peux rester gérer mes messages du fond de mon lit.

C’est cette liberté-là que je cherchais au départ. 
Pas partir en vacances tous les 4 matins. 
Sinon, ça aurait été impossible de développer un business de cette envergure.

Mais promis, cet été, je lâche du lest un peu. 
Et je vais vraiment essayer de me reposer 😅

Vous partez où cet été ?",364
"Je refuse quasiment toutes les invitations (podcasts, soirées, events, etc.).
C'est pour ça que je vais bientôt exploser les 1M€ de CA.

Je vois tellement de gens qui pensent qu'en assistant à tous les events et en parlant à un maximum de personnes ils vont réussir.

C'est une erreur de débutant.

Vous vous faites croire que vous travaillez mais en réalité vous vous noyez dans une foule de gens qui sont exactement comme vous : perdus et désespérés de n'avoir aucun client.

Loin des cocktails et des échanges de compliments, c'est dans le silence de votre bureau, face à vous-même, que le succès prend racine.

Au lieu de passer votre temps dans des soirées d'entrepreneurs branchés (et fauchés), restez chez vous et travaillez sur votre business minimum 12 heures par jour.

À la fin de la journée, ce qui compte, c'est les nouveaux clients que vous avez signés. Pas le nombre de cartes de visite que vous avez échangées.

Les conversations vides et les échanges de politesses ne rempliront jamais votre compte en banque.

Apprenez à dire non beaucoup plus souvent que oui et vous aurez déjà fait un grand pas en avant",362
"Normalisons le fait de ne pas avoir à répondre dans la journée à un message sans se sentir coupable.

Normalisons le fait d'envoyer un message sans attendre une réponse dans la journée.",361
"L'entrepreneur multi-millionnaire Naval Ravikant a créé un modèle alternatif aux réunions. Voici les 5 principes du modèle ""too busy to do coffee""

1) Exploring / Exploiting
Naval identifie deux phases dans le cycle professionnel.

L""Exploring"": quand l'individu est en phase de recherche de soi et de son chemin : chaque rencontre peut être intéressante et mener à des inspirations supplémentaires.

L""Exploiting"" : quand le chemin est plus clair et que l'individu a besoin de se concentrer pour construire. À ce moment-là, les réunions et les ""cafés-synergies"" sont une distraction.

2) Le ""clean calendar""

Naval affirme qu'un calendrier plein est un signal qu'on envoie à son inconscient pour faire croire qu'on travaille. 

Il préconise le calendrier avec zéro réunions et zéro obligations pour se concentrer, réfléchir et travailler. Ce qui nous amène au point 3.

3) Le ""ruthlessly cut meetings""

Si quelqu'un propose une réunion physique
regarde si cela pourrait être un appel.
Regarde si cet appel pourrait être un email.
Regarde si cet email pourrait être un message.
Regarde si ce message pourrait être ignoré.
La majorité des messages devraient être ignorés, sauf si ce sont des cas d'urgence.

""Rien n'est jamais vraiment fait avec 8 personnes autour d'une table de réunion"".

4) La ""proof of work""

Si vous avez le souhait de rencontrer quelqu'un d'occupé, il y a toujours une chance de lui parler.

Mais vous devez amener la ""proof of work"".

Expliquez ce que vous avez réalisé sut le sujet sur lequel vous souhaitez vous entretenir avec la personne, et expliquez clairement l'objet du rendez-vous.

Pourquoi la personne devrait vous rencontrer, et quelle est la prochaine étape derrière. Toujours avec une honnêteté radicale. Les personnes occupées préfèrent prendre des décisions rapides et n'aiment pas qu'on tourne autour du pot.

5) Free time= Free mind 

Naval dit que le ""networking"" est principalement une distraction que les gens utilisent car ils ne savent pas quoi faire (sauf en début de carrière où ça peut être utile).

Quand on est dans la phase d'exploitation, l'idéal est d'avoir le moins de réunions possibles et de passer son temps à réfléchir et bosser. Chaque réunion est une distraction volontaire que les gens utilisent pour ne pas passer du temps à être en paix avec eux-mêmes.

""Un agenda chargé et un esprit occupé vont détruire votre capacité à faire de grandes choses dans ce monde""",359
"Il y a quelques années, un coach américain m'a dit : ""Si tu n'as pas mis tes parents à la retraite, tu ne bosses pas assez"" et ça m'a fait mal.

On entend parfois que l'argent est la source du mal mais dans ce monde ultra-capitaliste, l'argent permet de : 
- Mettre 20 000 euros sur la table en Suisse si ta nièce a une maladie grave
- Prendre un avion privé de Chine si ils décident de faire un lockdown pour une pandémie type COVID
- S'occuper d'un parent souffrant qui a besoin d'une aide médicale
- Emmener tous ses proches si la Russie ou la Corée du Nord décide d'envoyer une ogive nucléaire
...

Mes parents ont tout donné pour mon éducation. À 31 ans, je me sens le devoir d'être là s'il y a le moindre problème.

Je ne vais pas m'acheter des Porsche et des bouteilles en boîte.

Mais si je ne peux pas subvenir aux besoins de mes proches le moment venu... À quoi tout ça aura servi ?

Je pense qu'à un moment, il faut se préparer à tout et mêmes les pires évènements, et je remercie mes parents pour ça.

Money for preparation",351
"Les Américains m'ont appris une règle en business qui a divisé ma charge mentale par deux : le ""eat the frog"".

Le concept du ""eat the frog"" est de manger la charge mentale d'une autre personne.

Exemple : Vous êtes 4 amis et décidez d'organiser un dîner, la personne qui donne l'heure, choisit le restau et fait la résa ""eat the frog"" pour les autres.

Dans ce concept, j'ai mis en place quelque chose qu'on m'avait conseillé :
Si quelqu'un de mon équipe a besoin que je lui réponde, il me relance jusqu'à ce qu'il ait une réponse.

La charge mentale de la réponse et de faire avancer le projet est déléguée à celui qui demande et non plus à celui qui est censé répondre.

C'est ce que je répète à tous les gens avec qui j'ai travaillé : Relancez, relancez, relancez, relancez.

Relancez, et ""eat the frog"" à la place des autres.

C'est la meilleure façon d'être indispensable auprès de gens qui font du business.",350
"Elon Musk a viré 80% des gens de Twitter.
Cette ""erreur"" cache un coup de maître.

Elon Musk travaille toujours en équipes réduites.
Dès son rachat il remercie 6500 personnes.

Il ne veut pas de bullshiters dans ses équipes.

Musk parle directement avec ses ingénieurs qui sont sur le terrain (ceux qui connaissent vraiment les projets).

Pas avec les managers et autres petits chefs à fouets en cuir véritable qui ne servent à rien à part diluer l’information et ralentir les process.

Chez X, pas de place pour les réunions interminables avec Corinne qui raconte son week-end cocooning à l'hôtel Ibis budget Porte de Bagnolet.

Il veut que des gens hardcore, ultra dedicated et extrêmement talentueux.

Alors oui, il a viré tout le monde pour ne garder que les A-Players qui partagent sa vision. Mais ses résultats lui donnent pour le moment raison.

Rappelez-vous :
L'efficacité ne réside pas dans le nombre.
Mais dans la capacité à agir vite et bien.

Une équipe de 5 A-Players hardcore iront plus vite et plus fort qu'une équipe de 100 personnes moyennes.

Less is more",350
"Tout le monde dit que c’est impossible de vendre des offres à 3K€ sans RDV au téléphone. Du coup, j’ai vendu 30 offres à 3K€ SANS closer.

Et juste en 3 jours. 
👉 Avec mon bon vieux tunnel de vente : posts LK - masterclass - mail (en gros).

Effectivement, c'est impossible de faire lâcher 3K € à quelqu’un sur bon de commande.

Sauf quand ça fait 2 ans que tu crées du contenu tous les jours et que t’as une audience qui te fait confiance +++.

La vérité, c’est que quand tu as une communauté, tout devient plus simple.
Mais se créer une communauté qualifiée, ça prend du temps. 

Et tout ce qui prend du temps à des résultats incroyables sur le long terme.

Si j’avais arrêté au bout de 3 mois, je n'en serais pas là. 
Et je suis certaine que si je continue comme ça pendant encore 10 ans, je vais devenir une référence dans mon milieu.

À chaque fois que j’ai une baisse de motivation, j’y pense et je me dis “et dans 2 ans, tu penses pas que tu vas regretter ce choix ?”

Absolument pas, parce que c’est ce qui me permet d’avoir la vie dont je rêve et je n’arrêterai pour rien au monde 💪

Alors, je continue, je me discipline. 
Et ça me permet de continuer même quand les temps sont durs.

Je vous jure que si vous mettez suffisamment d’intensité dans ce que vous faites, les choses deviendront “faciles” et les conséquences seront beaucoup plus ouf que ce que vous imaginez.

En attendant, j’ai une offre à 30€ qui peut largement vous satisfaire : https://lnkd.in/eVNdc-e8",345
"Le télétravail supprime beaucoup de problèmes :

- Pas d'impact environnemental : tu diminues ton empreinte carbone
- Pas d'inégalités de salaires : on se moque de là où tu habites
- Pas d'openspace bruyant mais ""Great Place to Work"" tkt
- Pas de discriminations liées à ton apparence physique
- Pas de discussions stériles à la machine à café
- Pas de Jean-Michel dans les pattes
- Pas de tours obsolètes
- Pas de Défense

En télétravail tu es jugé pour tes seules compétences.

Pas pour ta relation avec Jean Michel Présentiel le big boss de La Défense",344
"Trop d’entrepreneurs viennent me voir avec les mêmes soucis. 
Et c’est exactement ce qui vous empêche de scaler. 

Je ne dis pas que faire passer sa boîte au niveau supérieur est simple. 
Mais vous faites souvent ces 5 choses qui vous mettent des bâtons dans les roues : 

1) Vendre votre temps à un prix “juste”

Je le sais parce que je suis passé par là. Il y a 90 % de chance que votre prix soit trop bas, parce que vous n’avez pas confiance en vous. 

👉 Prenez conscience de votre valeur. Si on fait appel à vous, ce n’est pas pour rien. 

2) Ne pas déléguer

À un certain stade, c’est foncer droit dans le mur de vouloir toujours tout faire.
Vous allez forcément avoir besoin d’aide si vous voyez grand.

👉 Déléguer et un investissement, vous serez étonnés du ROI. 

3) Continuer à faire vous-même des tâches sans valeur ajoutée

(pré-compta, facturation, CM…) 

Ce sont les premières choses à déléguer. 

Ce ne sont pas des tâches inutiles, mais elles vous font perdre du temps. 
Est-ce que vous voulez continuer à passer des heures à monter vos reels insta ? 
Je ne pense pas. 

👉 Si ce genre de tâche ne sont pas nécessaires, supprimez. 
Si ça sert vos objectifs, on en revient au point 2 : déléguez. 

4) En vouloir pour votre argent à chaque fois

”J’ai investi alors, j’espère bien avoir des résultats”. 

Je comprends, mais ça ne fonctionne pas comme ça. 
Les formations ne sont pas des produits miracles. Et penser comme ça vous conforte dans une attitude passive. 

Investissez dans votre business, mais n’oubliez pas que vous devez votre réussite à vous-même. 👉 Passez à l'action, même quand vous achetez un produit qui vous promet des résultats. 

5) Vouloir viser la perfection 

Pardon, mais elle n’existe pas. 
C’est juste une bonne excuse pour pas se bouger. 
👉 Le seul secret, c'est de faire, d’analyser, et de réitérer. 

Si vous supprimez ces pensées limitantes, vous allez scaler bien plus vite que vous ne le pensez 🔥
 
Autre chose qui vous empêche de passer au niveau supérieur ?",335
"Mon livre n’aurait jamais vu le jour sans Caroline.

Aujourd’hui, ce 26 septembre, c’est la sortie officielle de mon bouquin.

Mais heureusement que j’ai été accompagnée par cette femme merveilleuse qui a porté tout mon projet à bout de bras ❤️

Caroline est une agent d’auteur incroyable.

Non seulement elle forme les auteurs et les accompagne à écrire leur ouvrage, mais en plus elle accompagne les personnes comme moi à trouver la meilleure d’édition selon nos besoins.

Ce j’aime chez elle, c’est :
👉 Elle a défendu mon projet comme si c’était le sien 
👉 Elle m’a toujours soutenu dans l’écriture même quand c’était dur 
👉 Elle pense à mes intérêts avant tout (dinguerie)
👉 Elle n’abandonne aucun de ses auteurs malgré la charge de travail qu’elle a 

Elle fait partie des gens qui ont changé ma vie à tout jamais et que je remercie du plus profond de mon cœur ❤️

Foncez lui confier votre projet, c’est la meilleure agent au monde.

🔥 Pour commander mon livre : https://amzn.to/47bJd4s",331